Username,Hashed_Password
Username,Hashed_Password
ighafa,cc0b044bf6d02448f2ff41b8c422be5d
inej,827ccb0eea8a706c4c34a16891f84e7b
lizzie,e10adc3949ba59abbe56e057f20f883e
druti,e10adc3949ba59abbe56e057f20f883e
John,e10adc3949ba59abbe56e057f20f883e
Betty,e10adc3949ba59abbe56e057f20f883e
Ellie,e10adc3949ba59abbe56e057f20f883e
Jiya,827ccb0eea8a706c4c34a16891f84e7b
Nina,202cb962ac59075b964b07152d234b70
Jesper,e10adc3949ba59abbe56e057f20f883e
Johnny,e10adc3949ba59abbe56e057f20f883e
Helen,e10adc3949ba59abbe56e057f20f883e
Yvonne,e10adc3949ba59abbe56e057f20f883e
Julie,827ccb0eea8a706c4c34a16891f84e7b
Harry,827ccb0eea8a706c4c34a16891f84e7b
Kylie,81dc9bdb52d04dc20036dbd8313ed055
Kendall,202cb962ac59075b964b07152d234b70
Felicia,e10adc3949ba59abbe56e057f20f883e
Joan,e10adc3949ba59abbe56e057f20f883e
